,domain
0,facebook.com
1,google.com
2,youtube.com
3,twitter.com
4,instagram.com
5,linkedin.com
6,microsoft.com
7,apple.com
8,wikipedia.org
9,googletagmanager.com
10,youtu.be
11,pinterest.com
12,vimeo.com
13,adobe.com
14,goo.gl
15,wordpress.com
16,bit.ly
17,github.com
18,wordpress.org
19,blogspot.com
20,amazon.com
21,mozilla.org
22,yahoo.com
23,tumblr.com
24,flickr.com
25,europa.eu
26,gravatar.com
27,reddit.com
28,nytimes.com
29,apache.org
30,whatsapp.com
31,qq.com
32,amazonaws.com
33,w3.org
34,nih.gov
35,soundcloud.com
36,t.co
37,forbes.com
38,sourceforge.net
39,medium.com
40,github.io
41,baidu.com
42,macromedia.com
43,theguardian.com
44,cnn.com
45,dropbox.com
46,archive.org
47,creativecommons.org
48,bbc.co.uk
49,virginmedia.com
50,who.int
51,issuu.com
52,zoom.us
53,wixsite.com
54,vk.com
55,weebly.com
56,paypal.com
57,spotify.com
58,forms.gle
59,tinyurl.com
60,cloudflare.com
61,cdc.gov
62,bbc.com
63,php.net
64,oracle.com
65,youtube-nocookie.com
66,reuters.com
67,washingtonpost.com
68,msn.com
69,wsj.com
70,weibo.com
71,imdb.com
72,opera.com
73,bloomberg.com
74,gnu.org
75,harvard.edu
76,bing.com
77,wikimedia.org
78,sciencedirect.com
79,slideshare.net
80,mit.edu
81,wp.com
82,businessinsider.com
83,ibm.com
84,stanford.edu
85,wix.com
86,list-manage.com
87,wiley.com
88,live.com
89,telegraph.co.uk
90,go.com
91,nginx.org
92,nature.com
93,cpanel.net
94,usatoday.com
95,un.org
96,nasa.gov
97,dailymail.co.uk
98,time.com
99,office.com
100,huffingtonpost.com
101,cnet.com
102,doi.org
103,eventbrite.com
104,myspace.com
105,surveymonkey.com
106,cpanel.com
107,bitly.com
108,nginx.com
109,ted.com
110,ebay.com
111,wa.me
112,cnbc.com
113,npr.org
114,www.gov.uk
115,mysql.com
116,springer.com
117,wired.com
118,researchgate.net
119,t.me
120,hp.com
121,blogger.com
122,independent.co.uk
123,debian.org
124,aol.com
125,sina.com.cn
126,imgur.com
127,techcrunch.com
128,sitemaps.org
129,hugedomains.com
130,cloudfront.net
131,amzn.to
132,berkeley.edu
133,arnebrachhold.de
134,googleusercontent.com
135,
136,etsy.com
137,themeforest.net
138,dailymotion.com
139,latimes.com
140,statcounter.com
141,addtoany.com
142,yelp.com
143,youku.com
144,behance.net
145,beian.gov.cn
146,free.fr
147,amazon.co.uk
148,ft.com
149,ietf.org
150,loc.gov
151,nationalgeographic.com
152,xinhuanet.com
153,cornell.edu
154,theverge.com
155,washington.edu
156,theatlantic.com
157,digg.com
158,mailchimp.com
159,scribd.com
160,godaddy.com
161,jimdo.com
162,akismet.com
163,about.com
164,unsplash.com
165,taobao.com
166,outlook.com
167,kickstarter.com
168,skype.com
169,google.co.uk
170,cbsnews.com
171,livejournal.com
172,ca.gov
173,prnewswire.com
174,google.de
175,163.com
176,samsung.com
177,tripadvisor.com
178,goodreads.com
179,fda.gov
180,launchpad.net
181,fb.com
182,princeton.edu
183,youronlinechoices.com
184,stackoverflow.com
185,stumbleupon.com
186,squarespace.com
187,typepad.com
188,mailchi.mp
189,aboutads.info
190,foxnews.com
191,sciencemag.org
192,addthis.com
193,nbcnews.com
194,change.org
195,webmd.com
196,shopify.com
197,twitch.tv
198,economist.com
199,tandfonline.com
200,marriott.com
201,allaboutcookies.org
202,huffpost.com
203,sohu.com
204,unesco.org
205,statista.com
206,mashable.com
207,whitehouse.gov
208,oup.com
209,bandcamp.com
210,eepurl.com
211,networkadvertising.org
212,feedburner.com
213,webs.com
214,usnews.com
215,pbs.org
216,booking.com
217,usda.gov
218,buzzfeed.com
219,deviantart.com
220,sagepub.com
221,plesk.com
222,hbr.org
223,columbia.edu
224,giphy.com
225,vice.com
226,marketwatch.com
227,myshopify.com
228,quora.com
229,umich.edu
230,epa.gov
231,tripod.com
232,sciencedaily.com
233,pixabay.com
234,yale.edu
235,vox.com
236,redhat.com
237,geocities.com
238,hubspot.com
239,zdnet.com
240,disqus.com
241,cisco.com
242,iso.org
243,businesswire.com
244,psu.edu
245,wikihow.com
246,guardian.co.uk
247,noaa.gov
248,sun.com
249,g.page
250,gofundme.com
